id,title,markdown
"18.1.1","Cultural Shock (Immigration & Expat)","# Cultural Shock

Four phases often described:
1. **Honeymoon**: excitement about new environment
2. **Frustration**: differences become overwhelming
3. **Adjustment**: learning local norms, building routines
4. **Acceptance**: feeling at home, even if not 100%

> *Time and openness help overcome culture shock.*"
"18.1.2","Language Barriers (Immigration & Expat)","# Overcoming Language Barriers

- **Language Classes** or tutoring
- **Immerse Yourself** in local TV, radio, daily interactions
- **Use Apps** (Duolingo, Babbel) for consistent practice

> *Effective communication eases social integration.*"
"18.1.3","Integration & Belonging (Immigration & Expat)","# Integration & Belonging

- **Join Cultural Exchange Groups**: meet locals and other expats
- **Retain Own Traditions** while embracing new ones
- **Community Events**: volunteer or attend festivals

> *Balancing old and new cultures helps form a richer identity.*"
"18.2.1","Questioning Gender (Gender Identity & Transition)","# Questioning Gender

- **Self-Exploration**: reflect on pronouns, clothing, behaviors
- **Research**: read about different gender identities
- **Experiment Safely**: try presenting in ways that feel comfortable

> *No fixed timeline — each person finds clarity at their own pace.*"
"18.2.2","Social & Medical Transition (Gender Identity)","# Social & Medical Transition

1. **Social**: changing name, pronouns, wardrobe
2. **Medical**: hormones, surgeries (if desired)
3. **Legal**: updating documents (IDs, passports)

> *Not all trans or nonbinary people pursue medical steps; transitions vary widely.*"
"18.2.3","Family & Societal Support (Gender Identity)","# Family & Societal Support

- **Coming Out**: choose a safe time/place if unsure of reactions
- **Allies**: close friends, online communities
- **Professional Help**: gender therapists, support groups

> *Having even a small network of supportive people can make transition smoother.*"
"18.3.1","Navigating Discrimination (Ethnic Identity)","# Navigating Discrimination

- **Know Your Rights**: local laws against racial/ethnic bias
- **Build Community**: organizations promoting cultural pride
- **Self-Care**: therapy, journaling, or activism

> *Addressing discrimination directly can foster resilience and assertiveness.*"
"18.3.2","Cultural Pride (Ethnic Identity)","# Cultural Pride

- **Celebrate Heritage**: language, festivals, traditional clothing
- **Storytelling**: learn and share family history
- **Food & Music**: connect with roots through cuisine, folk songs

> *Embracing cultural identity can boost self-esteem and sense of belonging.*"
"18.3.3","Intersectionality & Overlaps (Ethnic Identity)","# Intersectionality & Overlaps

- **Multiple Identities** (race, gender, sexuality, disability)
- **Unique Experiences**: overlapping forms of bias or acceptance
- **Shared Solidarities**: ally with different communities

> *Recognizing intersectionality fosters empathy and collective advocacy.*"
"18.4.1","Immigrant Family Pressures (Cultural Guilt)","# Immigrant Family Pressures

- **High Expectations** for academic or career success
- **Role Reversal**: children translating for parents
- **Guilt** if diverging from family’s cultural norms

> *Open dialogue can clarify boundaries and maintain family harmony.*"
"18.4.2","Bridging the Gap (Cultural Guilt)","# Bridging the Gap

1. **Explain Modern Influences**: gently discuss differing values
2. **Honor Traditions** in ways that feel authentic
3. **Encourage Mutual Learning**: share personal experiences

> *Balancing old and new fosters a dynamic, evolving family culture.*"
"18.4.3","Self-Care & Independence (Cultural Guilt)","# Self-Care & Independence

- **Therapy**: address internalized guilt or conflict
- **Set Goals** that blend cultural values with personal aspirations
- **Self-Validation**: appreciate your journey across cultures

> *Finding your own path can uplift family pride and personal fulfillment.*"
